USE ugurgrnfumb5wyyi;

INSERT INTO users (id, email, first_name, last_name, password, is_active)
VALUES
    (1, 'admin@example.com', 'Admin', 'Adminov', 'dbdf0b8ac3ac6929e531db1a76ddaf9cd0ef7426821ab55c75795c14f3e82627c1571f14ab3a53eb377c07e713fd0d99', 1),
    (2, 'user@example.com', 'User', 'Userov', '09921b9c84c1c8a0e5b1e22d7e25df9490e31aa284efddd23f3c3d13c755978b925929e9337729a76dda3329c89b122b', 1),
    (3, 'aSortByRoleThenByEmailCaseInsensitive@example.com', 'Test1', 'Test1', '051eebe2663fe430f1c79cbe83da2f28780a5540d4fa1923531d882e02e875358fadb707b1b4bcffd9a416bb180b1228', 1),
    (4, 'BSortByRoleThenByEmailCaseInsensitive@example.com', 'Test2', 'Test2', '051eebe2663fe430f1c79cbe83da2f28780a5540d4fa1923531d882e02e875358fadb707b1b4bcffd9a416bb180b1228', 1),
    (5, 'cSortByRoleThenByEmailCaseInsensitive@example.com', 'Test3', 'Test3', '051eebe2663fe430f1c79cbe83da2f28780a5540d4fa1923531d882e02e875358fadb707b1b4bcffd9a416bb180b1228', 1);

INSERT INTO roles (id, role)
VALUES
    (1, 'ADMIN'),
    (2, 'USER');

INSERT INTO users_roles (user_id, role_id)
VALUES
    (1, 1),
    (1, 2),
    (2, 2),
    (3, 2),
    (4, 2),
    (5, 2);

INSERT INTO publishers (id, name, thumbnail_url)
VALUES
    (1, 'Blizzard', 'https://www.warcrafttavern.com/wp-content/uploads/2021/05/activision-blizzard-layoffs_feature.jpg'),
    (2, 'Riot Games', 'https://images.squarespace-cdn.com/content/v1/5685f0f7df40f3987cbb0419/1576192829046-Y890V52DFNBZ568580E8/Ignite_Frame_9_v1_comp.png?format=2500w'),
    (3, 'Ubisoft', 'https://i.vimeocdn.com/video/901255563-85edf3a00d320073f4d5692c466afd214fabe6f2c036f2164082943a6dbc1033-d?f=webp'),
    (4, 'Bethesda', 'https://images5.alphacoders.com/428/428578.png'),
    (5, 'Warner', 'https://img.goodfon.com/original/1920x1080/b/5e/wb-games-logo-warner.jpg'),
    (6, 'Nintendo', 'https://i0.wp.com/www.webpronews.com/wp-content/uploads/2025/01/Nintendo.png?fit=1920%2C1080&ssl=1'),
    (7, 'Tencent Games', 'https://naavik.co/wp-content/uploads/2021/04/Tencent-1.png'),
    (8, 'Epic Games', 'https://thebusinessofesports.com/wp-content/uploads/2021/04/epicgames.jpg'),
    (9, 'Sony', 'https://i.pinimg.com/originals/2c/46/a7/2c46a7151e9739826f9ac8ed9da5e2ba.jpg'),
    (10, 'Electronic Arts', 'https://wallpaperbat.com/img/524721-logo-de-ea-wallpaper.jpg'),
    (11, 'Sega', 'https://i.pinimg.com/originals/36/e0/27/36e0275e50bf629b6adda9c6c1e2c76e.jpg');

INSERT INTO games (id, name, description, genre, price, thumbnail_url, publisher_id)
VALUES
    (1, 'World of Warcraft', 'World of Warcraft (WoW) is a massively multiplayer online role-playing game (MMORPG) released in 2004 by Blizzard Entertainment. Set in the Warcraft fantasy universe, World of Warcraft takes place within the world of Azeroth, approximately four years after the events of the previous game in the series, Warcraft III: The Frozen Throne. The game was announced in 2001, and was released for the 10th anniversary of the Warcraft franchise on November 23, 2004. Since launch, World of Warcraft has had nine major expansion packs: The Burning Crusade (2007), Wrath of the Lich King (2008), Cataclysm (2010), Mists of Pandaria (2012), Warlords of Draenor (2014), Legion (2016), Battle for Azeroth (2018), Shadowlands (2020), and Dragonflight (2022). Three further expansions, The War Within (planned for 2024), Midnight, and The Last Titan, were announced in 2023.', 'MMORPG', 130.00, 'https://mrwallpaper.com/images/hd/wow-characters-collection-l7dbur9pno3hfzq9.jpg',1),
    (2, 'Diablo', 'World of Warcraft (WoW) is a massively multiplayer online role-playing game (MMORPG) released in 2004 by Blizzard Entertainment. Set in the Warcraft fantasy universe, World of Warcraft takes place within the world of Azeroth, approximately four years after the events of the previous game in the series, Warcraft III: The Frozen Throne.[3] The game was announced in 2001, and was released for the 10th anniversary of the Warcraft franchise on November 23, 2004. Since launch, World of Warcraft has had nine major expansion packs: The Burning Crusade (2007), Wrath of the Lich King (2008), Cataclysm (2010), Mists of Pandaria (2012), Warlords of Draenor (2014), Legion (2016), Battle for Azeroth (2018), Shadowlands (2020), and Dragonflight (2022). Three further expansions, The War Within (planned for 2024), Midnight, and The Last Titan, were announced in 2023.', 'ACTION', 80.00, 'https://wallpapers.com/images/featured/diablo-3-tpca18qq0hxtmze0.jpg', 1),
    (3, 'Heroes of the Storm', 'Heroes of the Storm is a crossover multiplayer online battle arena video game developed and published by Blizzard Entertainment. Announced at BlizzCon 2010, it was released on June 2, 2015 for macOS and Windows. The game features various characters from Blizzard''s franchises as playable heroes, as well as different battlegrounds based on Warcraft, Diablo, StarCraft, and Overwatch universes. Players form into five-player teams and fight against another team in 5-versus-5 matches, with an average game duration of roughly 20 minutes. The first team to destroy opponents'' main structure, known as the "King''s Core", wins the match. Each themed battleground has a different metagame and secondary objectives to secure, whose completion gives your team massive advantages, typically through pushing power. Every player controls a single character, known as a "hero", with a set of distinctive abilities and differing styles of play.', 'MOBA', 0.00, 'https://images-wixmp-ed30a86b8c4ca887773594c2.wixmp.com/f/60cf6d84-894b-49d5-a3e6-66373ca67c9e/d7v89xp-85385f5d-cff9-4813-afd4-c3773d413a44.jpg?token=eyJ0eXAiOiJKV1QiLCJhbGciOiJIUzI1NiJ9.eyJzdWIiOiJ1cm46YXBwOjdlMGQxODg5ODIyNjQzNzNhNWYwZDQxNWVhMGQyNmUwIiwiaXNzIjoidXJuOmFwcDo3ZTBkMTg4OTgyMjY0MzczYTVmMGQ0MTVlYTBkMjZlMCIsIm9iaiI6W1t7InBhdGgiOiJcL2ZcLzYwY2Y2ZDg0LTg5NGItNDlkNS1hM2U2LTY2MzczY2E2N2M5ZVwvZDd2ODl4cC04NTM4NWY1ZC1jZmY5LTQ4MTMtYWZkNC1jMzc3M2Q0MTNhNDQuanBnIn1dXSwiYXVkIjpbInVybjpzZXJ2aWNlOmZpbGUuZG93bmxvYWQiXX0.qUcMTWFkjMjBQ0ifeAhK2Vlr9fyy4t_g4M06rAJd5bA', 1),
    (4, 'League of Legends', 'League of Legends (LoL), commonly referred to as League, is a 2009 multiplayer online battle arena video game developed and published by Riot Games. Inspired by Defense of the Ancients, a custom map for Warcraft III, Riot''s founders sought to develop a stand-alone game in the same genre. Since its release in October 2009, League has been free-to-play and is monetized through purchasable character customization. The game is available for Microsoft Windows and macOS. In the game, two teams of five players battle in player-versus-player combat, each team occupying and defending their half of the map. Each of the ten players controls a character, known as a "champion", with unique abilities and differing styles of play. During a match, champions become more powerful by collecting experience points, earning gold, and purchasing items to defeat the opposing team.', 'MOBA', 0.00, 'https://wallpapers.com/images/hd/1920x1080-league-of-legends-background-1920-x-1080-92yl7k7yo4sretk5.jpg', 2),
    (5, 'Valorant', 'Valorant is a team-based first-person tactical hero shooter set in the near future.[4][5][6][7] Players play as one of a set of Agents, characters based on several countries and cultures around the world.[7] In the main game mode, players are assigned to either the attacking or defending team with each team having five players on it. Agents have unique abilities, each requiring charges, as well as a unique ultimate ability that requires charging through kills, deaths, orbs, or objectives. Every player starts each round with a "classic" pistol and one or more "signature ability" charges.[5] Other weapons and ability charges can be purchased using an in-game economic system that awards money based on the outcome of the previous round, any kills the player is responsible for, and any objectives completed. The game has an assortment of weapons including secondary guns like sidearms and primary guns like submachine guns, shotguns, machine guns, assault rifles and sniper rifles.', 'FPS', 0.00, 'https://wallpapers.com/images/hd/valorant-1920x1080-oyk1prl7pymr3uil.jpg', 2),
    (6, 'Assassins Creed', 'Assassin''s Creed is an action-adventure game developed by Ubisoft Montreal and published by Ubisoft. It is the first installment in the Assassin''s Creed series. The video game was released for PlayStation 3 and Xbox 360 in November 2007. A Microsoft Windows version titled Assassin''s Creed: Director''s Cut Edition containing additional content was released in April 2008. The plot is set in a fictional history of real-world events, taking place primarily during the Third Crusade in the Holy Land in 1191. The player character is a modern-day man named Desmond Miles who, through a machine called the Animus, relives the genetic memories of his ancestor, Altaïr Ibn-La''Ahad. Through this plot device, details emerge about a millennia-old struggle between two factions: the Assassin Brotherhood (inspired by the real-life Order of Assassins), who fight to preserve peace and free will, and the Templar Order (inspired by the Knights Templar military order), who seek to establish peace through order and control.', 'ACTION', 140.00, 'https://wallpaperset.com/w/full/6/6/d/44270.jpg', 3),
    (7, 'Far Cry', 'Far Cry is a 2004 first-person shooter game developed by Crytek and published by Ubisoft. It is the first installment in the Far Cry franchise. Set on a mysterious tropical archipelago, the game follows Jack Carver, a former American special operations forces operative, as he searches for journalist Valerie Constantine, who accompanied him to the islands but went missing after their boat was destroyed by mercenaries. As Jack explores the islands, he begins to discover the horrific genetic experiments being conducted on the local wildlife and must confront the mad scientist behind them. The game was the first to use Crytek''s CryEngine, and was designed as an open-ended first-person shooter, though it lacks most of the freedom its successors would offer to the player. While players can freely explore the game''s world like in later Far Cry titles, they are most often discouraged from doing so due to the linear structure of missions and the lack of side content.', 'FPS', 110.00, 'https://www.psu.com/wp/wp-content/uploads/2020/10/Far-Cry-6-PS5-Wallpapers-12.jpg', 3),
    (8, 'The Elder Scrolls', 'The Elder Scrolls is a series of action role-playing video games primarily developed by Bethesda Game Studios and published by Bethesda Softworks. The series focuses on free-form gameplay in an open world. Morrowind, Oblivion and Skyrim all won Game of the Year awards from multiple outlets. The series has sold more than 58 million copies worldwide. Within the series'' fictional universe, each game takes place on the continent of Tamriel. The setting combines pre-medieval real-world elements, such as a powerful Roman-like Empire, with high fantasy medieval themes, including limited technology, widespread magic use, and the existence of many mythological creatures. The continent is split into a number of provinces inhabited by humans and humanoid fantasy races such as elves, orcs and anthropomorphic animals. A common theme in the lore is that a chosen hero rises to defeat an impending threat (typically a malevolent being or an antagonistic army).', 'MMORPG', 90.00, 'https://wallpapers.com/images/hd/hel-ra-citadel-elder-scrolls-5053dyd8903fpabu.jpg', 4),
    (9, 'Mortal Kombat', 'Mortal Kombat is a media franchise centered on a series of fighting video games originally developed by Midway Games in 1992. The original Mortal Kombat arcade game spawned a franchise consisting of action-adventure games, a comic book series, a card game, films, an animated TV series, and a live-action tour. Mortal Kombat has become the best-selling fighting game franchise worldwide and one of the highest-grossing media franchises of all time. The series has a reputation for high levels of graphic violence, including, most notably, its fatalities, which are finishing moves that kill defeated opponents instead of knocking them out. Controversies surrounding Mortal Kombat, in part, led to the creation of the Entertainment Software Rating Board (ESRB) video game rating system. Early games in the series were noted for their realistic digitized sprites and an extensive use of palette swapping to create new characters.', 'FIGHTING', 60.00, 'https://images-wixmp-ed30a86b8c4ca887773594c2.wixmp.com/f/dddb8beb-7509-4c66-bc59-5e64fc25d614/dehrr3o-d49a6a43-baba-4036-8acb-5a2ee34bf97a.jpg?token=eyJ0eXAiOiJKV1QiLCJhbGciOiJIUzI1NiJ9.eyJzdWIiOiJ1cm46YXBwOjdlMGQxODg5ODIyNjQzNzNhNWYwZDQxNWVhMGQyNmUwIiwiaXNzIjoidXJuOmFwcDo3ZTBkMTg4OTgyMjY0MzczYTVmMGQ0MTVlYTBkMjZlMCIsIm9iaiI6W1t7InBhdGgiOiJcL2ZcL2RkZGI4YmViLTc1MDktNGM2Ni1iYzU5LTVlNjRmYzI1ZDYxNFwvZGVocnIzby1kNDlhNmE0My1iYWJhLTQwMzYtOGFjYi01YTJlZTM0YmY5N2EuanBnIn1dXSwiYXVkIjpbInVybjpzZXJ2aWNlOmZpbGUuZG93bmxvYWQiXX0.PPtzKmJkLsy_uX2gSiittiiGRAnRG4jzb74yWwHtG10', 5),
    (10, 'Hogwarts Legacy', 'Hogwarts Legacy is a 2023 action role-playing game developed by Avalanche Software and published by Warner Bros. Games under its Portkey Games label. The game is part of the Wizarding World franchise, taking place a century prior to the events chronicled in the Harry Potter novels. The player controls a student enrolled in the Hogwarts School of Witchcraft and Wizardry who learns to wield an array of magical abilities and objects. With the assistance of fellow students and professors, the protagonist embarks on a journey to unearth an ancient secret concealed within the wizarding world. Following their acquisition by Warner Bros. in 2017, Hogwarts Legacy marks the first release from Avalanche unrelated to Disney Interactive Studios and its products. Development commenced in 2018, while pre-release gameplay footage was leaked onto the internet in the same year.', 'ADVENTURE', 180.00, 'https://wallpapercosmos.com/w/full/a/1/e/128486-1920x1080-desktop-1080p-hogwarts-legacy-background-photo.jpg', 5),
    (11, 'Overwatch', 'Overwatch (retroactively referred to as Overwatch 1[b]) was a 2016 team-based multiplayer first-person shooter game by Blizzard Entertainment. The game was first released for PlayStation 4, Windows, and Xbox One in May 2016 and Nintendo Switch in October 2019. Cross-platform play was supported across all platforms. Described as a "hero shooter", Overwatch assigned players into two teams of six, with each player selecting from a large roster of characters, known as "heroes", with unique abilities. Teams worked to complete map-specific objectives within a limited period of time. Blizzard added new characters, maps, and game modes post-release, all free of charge, with the only additional cost to players being optional loot boxes to purchase cosmetic items.', 'FPS', 0.00, 'https://wallpapercave.com/wp/wp4124324.jpg', 1);
